2009_000440.jpg,6,115,499,226,3,91,488,222
2008_008106.jpg,24,201,225,375,160,98,353,248
2010_000788.jpg,73,77,398,251,133,116,457,284
2008_000731.jpg,36,57,242,400,42,13,268,347
2008_007507.jpg,163,219,206,276,208,159,258,241
2010_001251.jpg,1,15,428,374,48,-22,446,373
2008_005262.jpg,259,101,372,197,231,131,324,208
2008_003369.jpg,1,104,500,272,28,69,492,218
2011_001910.jpg,235,173,326,316,188,158,272,277
2008_002521.jpg,211,219,285,367,188,122,332,312
2011_003145.jpg,105,187,293,313,256,123,422,232
2010_002450.jpg,270,134,309,231,187,148,236,209
2011_003182.jpg,1,22,500,375,17,-26,558,376
2009_002419.jpg,91,54,318,480,35,38,341,439
2009_000354.jpg,1,1,500,375,43,-61,523,417
2010_003956.jpg,221,124,405,290,170,113,340,257
2009_003922.jpg,211,81,367,208,166,156,292,256
2009_000709.jpg,35,215,246,467,159,186,368,435
2008_004562.jpg,159,290,375,500,69,166,273,391
2010_003947.jpg,11,48,490,301,79,3,512,271
2010_002236.jpg,100,168,445,282,112,109,466,240
2009_001240.jpg,1,225,205,341,143,204,373,339
2009_000446.jpg,44,39,271,327,99,134,329,387
2008_006480.jpg,1,1,446,271,62,18,488,299
2010_000815.jpg,1,37,465,272,46,4,487,261
2010_000285.jpg,140,110,317,243,203,123,366,240
2007_004190.jpg,1,115,201,326,120,57,313,245
2010_002142.jpg,183,80,374,274,97,205,279,377
2009_001332.jpg,13,78,489,219,46,73,510,218
2009_001008.jpg,43,59,328,394,176,3,449,328
2008_000336.jpg,115,119,317,316,171,96,351,270
2009_002314.jpg,69,57,375,242,87,172,401,362
2009_005141.jpg,97,12,316,333,181,-2,374,292
2009_002060.jpg,185,1,320,365,186,6,323,374
2008_001070.jpg,171,115,326,296,188,86,331,261
2008_000188.jpg,45,59,395,375,110,-19,421,302
2008_003926.jpg,1,51,489,224,36,74,516,268
2010_004258.jpg,272,130,495,307,119,104,324,275
2009_000723.jpg,73,2,465,244,91,66,426,310
2008_008263.jpg,305,85,391,125,231,215,315,287
2007_008430.jpg,81,12,464,333,23,-18,500,317
2007_009899.jpg,140,2,466,375,35,21,507,359
2011_002528.jpg,1,23,499,352,26,27,512,318
2007_005705.jpg,62,16,246,408,150,74,301,411
2009_001991.jpg,71,41,447,495,87,-23,471,428
2008_000289.jpg,47,149,185,500,95,151,236,388
2009_002320.jpg,192,74,355,186,203,109,363,219
2009_001816.jpg,16,66,411,295,101,68,491,302
2008_005367.jpg,80,124,380,245,144,114,452,246
2010_003758.jpg,149,33,351,223,202,76,393,259
2010_000189.jpg,102,27,418,395,121,10,426,366
2007_004052.jpg,47,108,398,213,111,84,442,193
2009_001502.jpg,164,1,448,249,108,74,398,330
2011_003216.jpg,164,1,400,300,109,29,320,293
2009_004790.jpg,128,16,426,500,90,0,404,509
2008_000089.jpg,71,18,307,494,61,-44,322,513
2010_003418.jpg,158,32,322,267,255,60,399,283
2011_001607.jpg,1,68,306,434,53,66,331,448
2009_000387.jpg,51,128,487,273,62,92,495,235
2010_005678.jpg,20,15,500,359,60,17,535,354
2008_004175.jpg,130,36,275,116,230,59,350,125
2008_000765.jpg,90,154,283,331,98,231,280,387
2009_004248.jpg,116,41,488,333,118,12,474,325
2010_005108.jpg,1,41,414,325,66,0,439,310
2010_005353.jpg,248,183,322,305,298,146,352,232
2009_004509.jpg,198,159,281,319,211,150,271,303
2009_003142.jpg,151,297,206,444,180,129,236,275
2009_004540.jpg,230,18,378,375,175,20,313,332
2009_000103.jpg,152,87,275,457,127,20,262,403
2008_005628.jpg,32,1,199,257,205,48,309,282
2008_002247.jpg,60,127,194,482,97,131,250,489
2011_001868.jpg,199,1,499,332,86,3,381,303
2008_002704.jpg,40,73,459,328,80,33,486,318
2011_001967.jpg,23,22,366,423,73,22,410,441
2010_005432.jpg,36,71,487,319,41,33,472,272
2008_000182.jpg,234,326,336,429,180,205,283,317
2007_008815.jpg,2,30,230,364,92,59,343,363
2007_003991.jpg,79,53,500,264,60,90,461,302
2011_001232.jpg,21,21,475,289,37,22,470,309
2010_000632.jpg,142,83,218,207,226,157,299,271
2010_000746.jpg,14,47,365,462,-6,-46,383,508
2010_003771.jpg,175,84,365,332,136,81,331,330
2007_002896.jpg,124,71,253,500,106,86,256,446
2009_003241.jpg,1,24,333,340,56,89,331,405
2011_001991.jpg,390,150,464,195,274,151,341,213
2007_007387.jpg,19,25,484,245,19,68,471,280
2009_004895.jpg,1,75,315,269,107,78,414,250
2010_004149.jpg,311,1,500,327,158,24,343,339
2011_001775.jpg,1,1,499,375,35,10,512,363
2010_002532.jpg,36,109,389,210,94,103,423,209
2008_002904.jpg,106,60,379,302,170,64,439,302
2010_004144.jpg,18,91,269,234,167,107,406,236
2010_005877.jpg,115,96,446,202,80,127,392,238
2010_005531.jpg,151,166,263,382,129,152,243,382
2009_001311.jpg,173,137,300,290,172,141,307,290
2008_004911.jpg,138,64,375,363,167,81,379,329
2007_008714.jpg,15,68,479,293,35,38,492,251
2010_002892.jpg,156,130,301,205,212,126,322,190
2007_002132.jpg,184,155,306,249,259,135,375,223
2009_001972.jpg,34,215,238,433,111,179,295,393
2007_009794.jpg,1,14,324,500,47,-23,372,480
2007_006136.jpg,54,183,166,262,199,89,307,163
2011_002929.jpg,6,129,433,233,56,76,482,185
2007_004856.jpg,28,1,335,496,46,13,339,535
2010_004519.jpg,122,39,399,375,143,2,402,321
2011_000066.jpg,1,84,498,375,9,-5,475,279
2008_002681.jpg,165,134,328,465,133,94,301,411
2009_000603.jpg,108,62,322,277,150,79,342,302
2009_001251.jpg,1,101,288,436,65,61,355,442
2009_001145.jpg,84,68,333,270,137,71,370,302
2007_004483.jpg,1,89,441,318,39,47,482,245
2009_005219.jpg,71,1,308,301,186,55,426,328
2008_007011.jpg,22,100,425,260,103,106,504,282
2008_006130.jpg,76,64,500,265,100,-10,498,303
2008_005953.jpg,1,1,500,375,51,-14,528,339
2009_005148.jpg,1,72,320,191,70,86,361,217
2010_005951.jpg,1,129,318,324,103,70,415,269
2010_005174.jpg,17,28,409,369,90,-32,482,392
2010_004063.jpg,128,137,406,275,161,128,430,253
2009_005234.jpg,162,158,237,270,190,120,267,235
2011_002997.jpg,166,108,339,375,130,53,315,324
2008_000107.jpg,68,212,288,482,86,120,285,377
2009_000732.jpg,45,27,325,343,119,80,403,413
2009_003193.jpg,69,60,435,285,117,55,498,327
2007_002376.jpg,1,32,458,224,64,84,524,297
2008_001106.jpg,25,63,247,500,68,3,336,480
2009_004867.jpg,53,59,461,321,94,31,505,283
2011_000652.jpg,73,1,500,354,82,1,502,337
2008_000662.jpg,82,35,442,294,122,77,457,309
2009_000100.jpg,100,86,277,449,101,105,284,427
2009_002202.jpg,1,99,436,221,3,83,430,219
2007_001423.jpg,124,56,382,333,133,41,367,348
2009_005000.jpg,37,48,275,500,59,37,328,506
2009_003865.jpg,271,164,418,251,165,164,311,244
2007_001872.jpg,153,22,355,342,109,38,292,338
2008_001719.jpg,49,21,376,220,63,51,368,218
2011_000651.jpg,55,79,342,441,106,76,363,397
2008_006325.jpg,22,9,471,462,25,-130,384,253
2008_001829.jpg,88,72,263,238,209,66,372,219
2008_002719.jpg,210,34,475,250,114,88,364,271
2009_000347.jpg,84,15,433,308,81,48,414,304
2010_005744.jpg,146,101,300,252,283,108,429,233
2007_001377.jpg,273,163,318,250,184,167,247,264
2008_004914.jpg,157,124,222,207,144,192,194,289
2008_007497.jpg,172,166,300,260,186,193,299,296
2010_003534.jpg,58,76,450,258,41,122,427,291
2009_002472.jpg,31,37,368,333,102,17,443,326
2007_001761.jpg,27,87,500,273,55,70,518,276
2011_000359.jpg,1,249,284,355,169,136,436,229
2008_005345.jpg,30,301,185,473,109,203,241,353
2008_004822.jpg,93,98,432,300,142,64,455,307
2010_001515.jpg,1,74,341,480,70,85,409,445
2008_006655.jpg,1,169,426,276,46,123,463,230
2008_004610.jpg,61,50,411,298,26,41,376,271
2007_005689.jpg,1,17,480,372,51,-14,544,336
2011_003057.jpg,4,16,500,355,13,-3,507,351
2007_007477.jpg,259,30,421,154,159,218,311,332
2010_001590.jpg,17,18,481,292,53,26,479,273
2007_007772.jpg,149,87,321,270,194,108,362,275
2011_002121.jpg,1,17,434,359,29,12,457,382
2009_004217.jpg,115,251,215,415,156,206,340,420
2007_000175.jpg,25,34,419,271,39,50,452,301
2008_004754.jpg,127,1,354,192,177,96,352,291
2011_000291.jpg,150,154,344,240,145,155,326,232
2010_005506.jpg,74,195,435,293,52,128,432,245
2008_000271.jpg,266,104,500,375,189,80,397,366
2009_002042.jpg,167,152,263,334,157,111,248,277
2008_002551.jpg,1,174,500,375,7,96,506,294
2009_000133.jpg,111,144,383,234,161,84,417,172
2008_001716.jpg,201,128,429,272,81,79,294,193
2009_000136.jpg,1,109,88,240,128,126,214,252
2007_000636.jpg,79,96,392,300,50,83,391,273
2009_002387.jpg,76,117,438,264,80,98,424,239
2010_002701.jpg,226,166,268,217,230,142,277,203
2009_000935.jpg,234,11,344,248,166,68,271,303
2009_001735.jpg,112,179,326,357,105,218,320,398
2009_003771.jpg,100,112,275,478,154,81,332,456
2008_005637.jpg,6,103,484,307,31,44,464,265
2011_000469.jpg,1,9,323,494,52,1,372,497
2008_006752.jpg,1,137,300,313,132,89,427,232
2011_002385.jpg,1,1,213,375,187,17,355,322
2009_001544.jpg,73,194,500,322,34,70,476,211
2011_001546.jpg,177,120,370,303,162,76,330,242
2007_000187.jpg,1,95,240,336,84,45,327,289
2011_001133.jpg,206,140,377,280,127,107,261,218
2009_005156.jpg,43,29,422,248,72,92,459,343
2008_001632.jpg,11,157,468,292,34,82,491,231
2008_005727.jpg,57,79,464,359,90,22,512,330
2010_001061.jpg,115,48,303,277,190,91,354,283
2009_000839.jpg,1,34,333,500,22,-7,369,486
2010_005028.jpg,216,138,268,183,250,171,300,232
2007_006615.jpg,1,49,345,375,52,35,396,355
2010_003820.jpg,95,110,200,172,230,151,289,212
2008_003270.jpg,1,37,492,361,12,28,495,353
2008_005714.jpg,43,46,298,218,138,90,399,237
2011_000550.jpg,126,105,500,343,93,67,454,322
2009_001100.jpg,57,241,136,377,171,209,256,357
2007_001960.jpg,108,138,264,332,101,176,258,351
2007_007891.jpg,22,24,318,365,51,105,319,454
2011_003011.jpg,76,17,281,456,92,60,290,476
2009_001755.jpg,344,123,485,265,163,138,311,270
2010_005706.jpg,110,155,486,235,92,184,437,280
2009_004374.jpg,1,63,453,200,61,38,500,192
2009_003613.jpg,60,289,228,360,148,185,287,238
2010_005508.jpg,2,6,440,375,10,-27,468,383
2009_001146.jpg,33,94,470,291,62,78,481,297
2009_003080.jpg,112,177,323,378,102,140,304,384
2008_001028.jpg,353,115,425,342,206,105,281,323
2009_002530.jpg,70,111,460,201,67,74,455,195
2009_003523.jpg,111,108,448,350,15,-15,502,358
2010_001069.jpg,64,92,338,461,86,48,346,404
2007_000837.jpg,261,65,365,159,185,108,329,204
2010_003119.jpg,132,130,384,185,160,116,393,177
2010_002750.jpg,155,182,181,208,213,129,260,186
2009_005037.jpg,221,61,440,242,111,-79,395,416
2007_001587.jpg,204,249,274,325,235,155,300,218
2007_007211.jpg,153,173,394,371,152,54,363,251
2010_004635.jpg,127,122,378,328,156,91,376,279
2009_001536.jpg,61,55,397,261,131,97,455,297
2007_000243.jpg,181,127,274,193,229,119,313,191
2008_002080.jpg,295,62,443,500,129,97,295,478
2009_003857.jpg,136,82,282,187,217,138,343,239
2007_002619.jpg,26,15,345,476,68,-5,391,443
2009_003773.jpg,151,4,500,334,107,23,446,348
2011_001434.jpg,1,7,500,321,49,9,536,313
2009_003756.jpg,1,1,307,360,98,2,395,333
2007_006117.jpg,2,60,312,500,13,-1,391,524
2007_002470.jpg,23,86,417,462,38,50,442,397
2009_001802.jpg,196,173,306,320,169,133,271,276
2011_002589.jpg,34,18,484,397,36,9,485,426
2010_005232.jpg,14,45,481,269,41,31,490,257
2011_002279.jpg,1,1,459,321,72,22,459,311
2009_002887.jpg,218,3,498,182,146,85,414,221
2010_001195.jpg,241,98,414,250,220,109,384,250
2009_004186.jpg,85,89,402,342,105,78,419,357
2010_002856.jpg,74,9,336,409,172,30,421,437
2010_001860.jpg,159,1,375,122,104,180,295,327
2011_002993.jpg,55,189,112,234,180,129,239,193
2008_003500.jpg,1,19,366,339,55,73,402,458
2010_005206.jpg,1,100,343,374,83,33,404,331
2009_001731.jpg,190,199,347,265,177,121,322,183
2007_004189.jpg,171,57,344,280,124,19,322,235
2010_004980.jpg,208,91,420,271,138,81,348,239
2008_000848.jpg,233,147,279,246,109,117,167,205
2009_004626.jpg,164,14,331,141,197,56,350,156
2008_004547.jpg,62,80,370,230,119,115,406,271
2011_000145.jpg,112,84,251,470,54,29,268,475
2010_002937.jpg,106,157,423,290,127,154,431,270
2008_006353.jpg,1,82,500,241,34,84,509,221
2008_000233.jpg,233,76,454,307,163,63,360,303
2009_001264.jpg,180,151,280,263,200,197,268,309
2008_000080.jpg,201,72,402,285,164,84,357,303
2007_008084.jpg,111,212,233,365,117,164,234,344
2007_009422.jpg,2,2,481,325,65,25,511,330
2008_000207.jpg,72,54,253,434,58,135,252,416
2007_007773.jpg,153,277,211,311,179,149,278,221
2009_000037.jpg,162,125,310,303,150,111,283,276
2010_004948.jpg,128,172,243,312,152,147,284,409
2010_002499.jpg,156,63,340,279,205,60,364,278
2009_001270.jpg,81,150,438,436,33,64,372,386
2008_002492.jpg,126,259,172,286,151,187,205,246
2011_002040.jpg,5,34,483,479,13,8,432,452
2008_000197.jpg,95,134,230,203,213,139,345,214
2009_000532.jpg,128,100,373,274,130,110,366,259
2009_004805.jpg,183,118,357,216,234,165,407,278
2008_003846.jpg,17,86,477,292,15,82,480,297
2008_002258.jpg,130,95,447,241,100,96,417,238
2009_002662.jpg,71,38,480,183,97,113,498,246
2011_002371.jpg,58,77,268,380,112,97,299,429
2008_000501.jpg,172,313,467,375,122,137,417,231
2009_005084.jpg,43,142,500,266,58,110,492,242
2007_000549.jpg,1,49,341,499,26,67,402,457
2007_005828.jpg,86,62,443,210,91,89,432,234
2008_002221.jpg,121,125,381,254,159,108,429,218
2010_001956.jpg,1,37,306,435,48,29,357,440
2008_000470.jpg,1,1,340,325,88,33,394,296
